{"TransformerAbs": {"0": 0.0, "1": 0.0, "2": 0.0, "3": 0.0, "4": 0.0, "5": 0.0, "6": 0.0, "7": 0.25, "8": 0.0, "9": 0.0, "10": 0.0, "11": 0.25, "12": 0.0, "13": 0.0, "14": 0.0, "15": 0.0, "16": 0.0, "17": 0.0, "18": 0.0, "19": 0.0, "20": 0.0, "21": 0.0, "22": 0.0, "23": 0.0, "24": 0.0, "25": 0.2, "26": 0.0, "27": 0.0, "28": 0.0, "29": 0.0, "30": 0.0, "31": 0.0, "32": 0.0, "33": 0.4, "34": 0.0, "35": 0.0, "36": 0.0, "37": 0.0, "38": 0.0, "39": 0.0, "40": 0.0, "41": 0.3333333333333333, "42": 0.0, "43": 0.0, "44": 0.0, "45": 0.16666666666666666, "46": 0.0, "47": 0.0, "48": 0.0, "49": 0.0, "50": 0.0, "51": 0.0, "52": 0.0, "53": 0.0, "54": 0.0, "55": 0.0, "56": 0.0, "57": 0.16666666666666666, "58": 0.0, "59": 0.0, "60": 0.0, "61": 0.0, "62": 0.0, "63": 0.0, "64": 0.0, "65": 0.0, "66": 0.2, "67": 0.0, "68": 0.0, "69": 0.0, "70": 0.0, "71": 0.0, "72": 0.0, "73": 0.0, "74": 0.0, "75": 0.0, "76": 0.0, "77": 0.0, "78": 0.0, "79": 0.0, "80": 0.0, "81": 0.0, "82": 0.0, "83": 0.0, "84": 0.0, "85": 0.3333333333333333, "86": 0.0, "87": 0.0, "88": 0.0, "89": 0.0, "90": 0.0, "91": 0.0, "92": 0.0, "93": 0.6, "94": 0.0, "95": 0.1, "96": 0.0, "97": 0.0, "98": 0.0, "99": 0.0}, "ptgen": {"0": 0.0, "1": 0.0, "2": 0.0, "3": 0.0, "4": 0.0, "5": 0.0, "6": 0.0, "7": 0.0, "8": 0.1111111111111111, "9": 0.0, "10": 0.0, "11": 0.25, "12": 0.0, "13": 0.0, "14": 0.0, "15": 0.0, "16": 0.0, "17": 0.0, "18": 0.0, "19": 0.0, "20": 0.0, "21": 0.0, "22": 0.0, "23": 0.0, "24": 0.0, "25": 0.0, "26": 0.0, "27": 0.0, "28": 0.0, "29": 0.0, "30": 0.5, "31": 0.0, "32": 0.0, "33": 0.4, "34": 0.0, "35": 0.0, "36": 0.0, "37": 0.0, "38": 0.0, "39": 0.0, "40": 0.0, "41": 0.3333333333333333, "42": 0.0, "43": 0.0, "44": 0.0, "45": 0.16666666666666666, "46": 0.0, "47": 0.0, "48": 0.0, "49": 0.25, "50": 0.0, "51": 0.0, "52": 0.0, "53": 0.1111111111111111, "54": 0.0, "55": 0.0, "56": 0.0, "57": 0.0, "58": 0.0, "59": 0.0, "60": 0.0, "61": 0.0, "62": 0.0, "63": 0.0, "64": 0.0, "65": 0.0, "66": 0.0, "67": 0.0, "68": 0.0, "69": 0.0, "70": 0.0, "71": 0.0, "72": 0.0, "73": 0.0, "74": 0.25, "75": 0.0, "76": 0.0, "77": 0.0, "78": 0.0, "79": 0.0, "80": 0.0, "81": 0.0, "82": 0.0, "83": 0.0, "84": 0.0, "85": 0.0, "86": 0.0, "87": 0.0, "88": 0.0, "89": 0.0, "90": 0.0, "91": 0.125, "92": 0.0, "93": 0.0, "94": 0.0, "95": 0.1, "96": 0.0, "97": 0.0, "98": 0.14285714285714285, "99": 0.0}, "fast-abs-rl": {"0": 0.0, "1": 0.0, "2": 0.0, "3": 0.0, "4": 0.0, "5": 0.0, "6": 0.3333333333333333, "7": 0.0, "8": 0.0, "9": 0.0, "10": 0.0, "11": 0.5, "12": 0.0, "13": 0.0, "14": 0.125, "15": 0.0, "16": 0.0, "17": 0.0, "18": 0.0, "19": 0.0, "20": 0.0, "21": 0.0, "22": 0.0, "23": 0.0, "24": 1.0, "25": 0.0, "26": 0.0, "27": 0.0, "28": 0.0, "29": 0.0, "30": 0.0, "31": 0.0, "32": 0.0, "33": 0.0, "34": 0.0, "35": 0.0, "36": 0.0, "37": 0.0, "38": 0.0, "39": 0.0, "40": 0.0, "41": 0.0, "42": 0.3333333333333333, "43": 0.0, "44": 0.3333333333333333, "45": 0.0, "46": 0.0, "47": 0.0, "48": 0.0, "49": 0.0, "50": 0.0, "51": 0.0, "52": 0.0, "53": 0.0, "54": 0.0, "55": 0.0, "56": 0.0, "57": 0.0, "58": 0.0, "59": 0.0, "60": 0.0, "61": 0.125, "62": 0.0, "63": 0.0, "64": 0.0, "65": 0.0, "66": 0.2, "67": 0.0, "68": 0.0, "69": 0.0, "70": 0.0, "71": 0.0, "72": 0.0, "73": 0.0, "74": 0.0, "75": 0.3333333333333333, "76": 0.0, "77": 0.0, "78": 0.0, "79": 0.0, "80": 0.2, "81": 0.0, "82": 0.0, "83": 0.0, "84": 0.0, "85": 0.0, "86": 0.0, "87": 0.0, "88": 0.0, "89": 0.0, "90": 0.0, "91": 0.0, "92": 0.3333333333333333, "93": 0.0, "94": 0.0, "95": 0.1, "96": 0.0, "97": 0.0, "98": 0.14285714285714285, "99": 0.0}, "facebook-bart-large": {"0": 0.6666666666666666, "1": 0.0, "2": 0.0, "3": 0.0, "4": 0.0, "5": 0.5, "6": 0.3333333333333333, "7": 0.25, "8": 0.1111111111111111, "9": 0.0, "10": 0.0, "11": 0.5, "12": 0.0, "13": 0.0, "14": 0.5, "15": 0.8333333333333334, "16": 0.0, "17": 0.0, "18": 1.0, "19": 0.16666666666666666, "20": 0.0, "21": 0.0, "22": 0.25, "23": 0.5, "24": 1.0, "25": 0.8, "26": 0.0, "27": 0.0, "28": 0.6, "29": 0.0, "30": 0.5, "31": 0.0, "32": 0.18181818181818182, "33": 0.8, "34": 0.0, "35": 0.0, "36": 0.42857142857142855, "37": 0.3333333333333333, "38": 0.0, "39": 0.3333333333333333, "40": 0.3333333333333333, "41": 0.5, "42": 0.0, "43": 0.0, "44": 1.0, "45": 0.6666666666666666, "46": 0.5, "47": 0.3333333333333333, "48": 0.25, "49": 0.125, "50": 0.0, "51": 1.0, "52": 0.0, "53": 0.0, "54": 0.75, "55": 0.0, "56": 0.0, "57": 0.6666666666666666, "58": 0.0, "59": 0.0, "60": 0.0, "61": 0.0, "62": 0.0, "63": 0.0, "64": 0.5, "65": 0.0, "66": 0.2, "67": 0.0, "68": 0.0, "69": 0.0, "70": 0.25, "71": 0.0, "72": 0.0, "73": 0.0, "74": 0.25, "75": 0.3333333333333333, "76": 0.0, "77": 0.0, "78": 0.0, "79": 0.2, "80": 0.0, "81": 0.2, "82": 0.0, "83": 0.0, "84": 0.0, "85": 0.3333333333333333, "86": 0.0, "87": 0.0, "88": 0.2222222222222222, "89": 0.3333333333333333, "90": 0.3333333333333333, "91": 0.125, "92": 1.0, "93": 0.6, "94": 0.0, "95": 0.5, "96": 0.0, "97": 0.0, "98": 0.0, "99": 0.5}, "t5-large": {"0": 0.6666666666666666, "1": 0.0, "2": 0.0, "3": 1.0, "4": 1.0, "5": 0.75, "6": 0.0, "7": 0.5, "8": 0.4444444444444444, "9": 0.0, "10": 0.0, "11": 0.25, "12": 0.0, "13": 0.0, "14": 0.25, "15": 0.0, "16": 0.0, "17": 0.0, "18": 1.0, "19": 0.6666666666666666, "20": 0.4, "21": 0.0, "22": 0.25, "23": 0.25, "24": 0.0, "25": 0.8, "26": 0.0, "27": 0.0, "28": 0.6, "29": 0.0, "30": 0.5, "31": 0.0, "32": 0.18181818181818182, "33": 0.8, "34": 0.0, "35": 0.0, "36": 0.2857142857142857, "37": 0.16666666666666666, "38": 0.2, "39": 0.3333333333333333, "40": 0.3333333333333333, "41": 0.5, "42": 0.3333333333333333, "43": 0.0, "44": 0.0, "45": 0.6666666666666666, "46": 0.5, "47": 0.3333333333333333, "48": 0.25, "49": 0.25, "50": 0.0, "51": 0.3333333333333333, "52": 0.0, "53": 0.2222222222222222, "54": 0.0, "55": 0.4, "56": 0.25, "57": 0.3333333333333333, "58": 0.0, "59": 0.3333333333333333, "60": 0.3333333333333333, "61": 0.125, "62": 0.0, "63": 0.0, "64": 0.0, "65": 0.0, "66": 0.2, "67": 0.0, "68": 1.0, "69": 0.0, "70": 0.25, "71": 0.0, "72": 0.0, "73": 0.0, "74": 0.25, "75": 0.0, "76": 0.0, "77": 0.0, "78": 0.0, "79": 0.2, "80": 0.0, "81": 0.2, "82": 0.0, "83": 0.0, "84": 0.0, "85": 0.3333333333333333, "86": 0.0, "87": 0.0, "88": 0.0, "89": 0.3333333333333333, "90": 0.0, "91": 0.0, "92": 1.0, "93": 0.6, "94": 0.125, "95": 0.1, "96": 0.0, "97": 0.0, "98": 0.0, "99": 0.5}, "BertSumExtAbs": {"0": 0.3333333333333333, "1": 0.0, "2": 0.0, "3": 0.0, "4": 1.0, "5": 0.5, "6": 0.0, "7": 0.25, "8": 0.1111111111111111, "9": 0.0, "10": 0.0, "11": 0.25, "12": 0.0, "13": 0.0, "14": 0.25, "15": 0.0, "16": 0.0, "17": 0.0, "18": 0.0, "19": 0.16666666666666666, "20": 0.0, "21": 0.0, "22": 0.0, "23": 0.0, "24": 0.0, "25": 0.0, "26": 0.0, "27": 0.0, "28": 0.0, "29": 0.0, "30": 0.5, "31": 0.0, "32": 0.0, "33": 0.0, "34": 0.0, "35": 0.0, "36": 0.0, "37": 0.6666666666666666, "38": 0.0, "39": 0.0, "40": 0.16666666666666666, "41": 0.16666666666666666, "42": 0.16666666666666666, "43": 0.0, "44": 0.6666666666666666, "45": 0.3333333333333333, "46": 0.0, "47": 0.0, "48": 0.0, "49": 0.0, "50": 0.0, "51": 0.0, "52": 0.0, "53": 0.0, "54": 0.25, "55": 0.0, "56": 0.0, "57": 0.3333333333333333, "58": 0.25, "59": 0.0, "60": 0.0, "61": 0.125, "62": 0.0, "63": 0.0, "64": 0.0, "65": 0.25, "66": 0.2, "67": 0.0, "68": 0.0, "69": 0.0, "70": 0.25, "71": 0.0, "72": 0.0, "73": 0.0, "74": 0.25, "75": 0.3333333333333333, "76": 0.0, "77": 0.0, "78": 0.0, "79": 0.4, "80": 0.0, "81": 0.0, "82": 0.0, "83": 0.0, "84": 0.0, "85": 0.3333333333333333, "86": 0.0, "87": 0.0, "88": 0.0, "89": 0.0, "90": 0.0, "91": 0.0, "92": 0.0, "93": 0.0, "94": 0.0, "95": 0.1, "96": 0.0, "97": 0.0, "98": 0.14285714285714285, "99": 0.0}, "google-pegasus": {"0": 0.6666666666666666, "1": 0.2, "2": 0.3333333333333333, "3": 1.0, "4": 0.0, "5": 0.5, "6": 0.3333333333333333, "7": 0.5, "8": 0.1111111111111111, "9": 0.0, "10": 0.0, "11": 0.5, "12": 0.0, "13": 0.0, "14": 0.5, "15": 0.0, "16": 0.0, "17": 0.0, "18": 1.0, "19": 0.16666666666666666, "20": 0.6, "21": 0.0,