{"TransformerAbs": {"0": 0.0, "1": 0.0, "2": 0.0, "3": 0.3333333333333333, "4": 0.0, "5": 0.16666666666666666, "6": 0.0, "7": 0.0, "8": 0.0, "9": 0.0, "10": 0.0, "11": 0.0, "12": 0.3333333333333333, "13": 0.25, "14": 0.0, "15": 0.0, "16": 0.3333333333333333, "17": 0.0, "18": 0.0, "19": 0.0, "20": 0.3333333333333333, "21": 0.0, "22": 0.0, "23": 0.0, "24": 0.0, "25": 0.0, "26": 0.0, "27": 0.16666666666666666, "28": 0.0, "29": 0.0, "30": 0.3333333333333333, "31": 0.0, "32": 0.16666666666666666, "33": 0.6, "34": 0.0, "35": 0.0, "36": 0.0, "37": 0.3333333333333333, "38": 0.25, "39": 0.0, "40": 0.0, "41": 0.3333333333333333, "42": 0.0, "43": 0.0, "44": 0.0, "45": 0.3333333333333333, "46": 0.0, "47": 0.0, "48": 0.0, "49": 0.0, "50": 0.0, "51": 0.0, "52": 0.0, "53": 0.0, "54": 0.0, "55": 0.0, "56": 0.0, "57": 0.0, "58": 0.0, "59": 0.2, "60": 0.25, "61": 0.0, "62": 0.0, "63": 0.0, "64": 0.0, "65": 0.0, "66": 0.2, "67": 0.2, "68": 0.4, "69": 0.0, "70": 0.0, "71": 0.0, "72": 0.16666666666666666, "73": 0.0, "74": 0.0, "75": 0.2, "76": 0.14285714285714285, "77": 0.0, "78": 0.0, "79": 0.0, "80": 0.0, "81": 0.0, "82": 0.0, "83": 0.0, "84": 0.0, "85": 0.0, "86": 0.4, "87": 0.0, "88": 0.0, "89": 0.0, "90": 0.0, "91": 0.0, "92": 0.2, "93": 0.3333333333333333, "94": 0.0, "95": 0.0, "96": 0.0, "97": 0.0, "98": 0.0, "99": 0.25}, "ptgen": {"0": 0.25, "1": 0.16666666666666666, "2": 0.0, "3": 0.3333333333333333, "4": 0.0, "5": 0.0, "6": 0.2, "7": 0.0, "8": 0.25, "9": 0.0, "10": 0.0, "11": 0.4, "12": 0.0, "13": 0.25, "14": 0.0, "15": 0.0, "16": 0.0, "17": 0.0, "18": 0.0, "19": 0.0, "20": 0.0, "21": 0.0, "22": 0.0, "23": 0.0, "24": 0.0, "25": 0.3333333333333333, "26": 0.0, "27": 0.16666666666666666, "28": 0.0, "29": 0.0, "30": 0.6666666666666666, "31": 0.0, "32": 0.16666666666666666, "33": 0.2, "34": 0.0, "35": 0.0, "36": 0.0, "37": 0.0, "38": 0.0, "39": 0.0, "40": 0.0, "41": 0.0, "42": 0.0, "43": 0.0, "44": 0.0, "45": 0.3333333333333333, "46": 0.0, "47": 0.0, "48": 0.0, "49": 1.0, "50": 0.0, "51": 0.0, "52": 0.0, "53": 0.0, "54": 0.0, "55": 0.0, "56": 0.0, "57": 0.0, "58": 0.3333333333333333, "59": 0.2, "60": 0.0, "61": 0.0, "62": 0.0, "63": 0.0, "64": 0.3333333333333333, "65": 0.0, "66": 0.0, "67": 0.0, "68": 0.2, "69": 0.0, "70": 0.25, "71": 0.0, "72": 0.0, "73": 0.0, "74": 0.0, "75": 0.2, "76": 0.0, "77": 0.25, "78": 0.0, "79": 0.0, "80": 0.0, "81": 0.3333333333333333, "82": 0.0, "83": 0.0, "84": 0.0, "85": 0.0, "86": 0.0, "87": 0.0, "88": 0.0, "89": 0.0, "90": 0.3333333333333333, "91": 0.0, "92": 0.0, "93": 0.0, "94": 0.0, "95": 0.0, "96": 0.0, "97": 0.0, "98": 0.0, "99": 0.0}, "fast-abs-rl": {"0": 0.0, "1": 0.16666666666666666, "2": 0.2, "3": 0.3333333333333333, "4": 0.0, "5": 0.0, "6": 0.4, "7": 0.0, "8": 0.0, "9": 0.0, "10": 0.0, "11": 0.6, "12": 0.0, "13": 0.5, "14": 0.3333333333333333, "15": 0.0, "16": 0.16666666666666666, "17": 0.0, "18": 0.0, "19": 0.0, "20": 0.3333333333333333, "21": 0.0, "22": 0.0, "23": 0.0, "24": 1.0, "25": 0.0, "26": 0.0, "27": 0.16666666666666666, "28": 0.25, "29": 0.0, "30": 0.3333333333333333, "31": 0.0, "32": 0.16666666666666666, "33": 0.0, "34": 0.0, "35": 0.0, "36": 0.0, "37": 0.0, "38": 0.0, "39": 0.0, "40": 0.5, "41": 0.0, "42": 0.5, "43": 0.0, "44": 0.3333333333333333, "45": 0.0, "46": 0.0, "47": 0.0, "48": 0.25, "49": 0.0, "50": 0.25, "51": 0.0, "52": 0.0, "53": 0.0, "54": 0.0, "55": 0.0, "56": 0.0, "57": 0.0, "58": 0.0, "59": 0.2, "60": 0.0, "61": 0.0, "62": 0.0, "63": 0.0, "64": 0.0, "65": 0.0, "66": 0.2, "67": 0.0, "68": 0.2, "69": 0.0, "70": 0.0, "71": 0.0, "72": 0.0, "73": 0.0, "74": 0.0, "75": 0.4, "76": 0.14285714285714285, "77": 0.25, "78": 0.0, "79": 0.0, "80": 0.0, "81": 0.0, "82": 0.0, "83": 0.0, "84": 0.0, "85": 0.0, "86": 0.2, "87": 0.0, "88": 0.0, "89": 0.0, "90": 0.0, "91": 0.3333333333333333, "92": 0.2, "93": 0.3333333333333333, "94": 0.0, "95": 0.0, "96": 0.0, "97": 0.0, "98": 0.0, "99": 0.0}, "facebook-bart-large": {"0": 0.75, "1": 0.16666666666666666, "2": 0.2, "3": 0.3333333333333333, "4": 0.0, "5": 0.5, "6": 0.4, "7": 0.3333333333333333, "8": 0.25, "9": 0.3333333333333333, "10": 0.0, "11": 0.6, "12": 0.6666666666666666, "13": 0.5, "14": 0.6666666666666666, "15": 0.6666666666666666, "16": 0.3333333333333333, "17": 0.0, "18": 1.0, "19": 0.4, "20": 0.0, "21": 0.0, "22": 0.25, "23": 0.25, "24": 1.0, "25": 0.3333333333333333, "26": 0.0, "27": 0.16666666666666666, "28": 0.25, "29": 0.0, "30": 0.6666666666666666, "31": 0.5, "32": 0.3333333333333333, "33": 0.6, "34": 0.3333333333333333, "35": 0.0, "36": 0.6666666666666666, "37": 0.0, "38": 0.0, "39": 0.0, "40": 0.5, "41": 0.6666666666666666, "42": 0.0, "43": 0.6666666666666666, "44": 0.6666666666666666, "45": 1.0, "46": 0.5, "47": 0.3333333333333333, "48": 0.5, "49": 1.0, "50": 0.25, "51": 1.0, "52": 0.5, "53": 0.0, "54": 0.75, "55": 0.0, "56": 0.0, "57": 0.5, "58": 0.6666666666666666, "59": 0.8, "60": 0.25, "61": 0.25, "62": 0.3333333333333333, "63": 0.0, "64": 0.6666666666666666, "65": 0.3333333333333333, "66": 0.4, "67": 0.2, "68": 0.6, "69": 0.0, "70": 0.25, "71": 0.25, "72": 0.0, "73": 0.0, "74": 0.5, "75": 0.6, "76": 0.14285714285714285, "77": 0.25, "78": 0.0, "79": 0.0, "80": 0.0, "81": 0.0, "82": 0.2, "83": 0.5, "84": 0.0, "85": 0.0, "86": 0.2, "87": 0.3333333333333333, "88": 0.0, "89": 0.6666666666666666, "90": 0.3333333333333333, "91": 0.0, "92": 0.6, "93": 0.3333333333333333, "94": 0.25, "95": 0.5, "96": 0.0, "97": 0.0, "98": 0.25, "99": 0.5}, "t5-large": {"0": 0.75, "1": 0.3333333333333333, "2": 0.2, "3": 0.6666666666666666, "4": 1.0, "5": 0.5, "6": 0.2, "7": 0.0, "8": 0.75, "9": 0.3333333333333333, "10": 0.0, "11": 0.6, "12": 0.3333333333333333, "13": 0.25, "14": 0.3333333333333333, "15": 0.3333333333333333, "16": 0.16666666666666666, "17": 0.0, "18": 0.0, "19": 0.8, "20": 0.6666666666666666, "21": 0.0, "22": 0.25, "23": 0.0, "24": 0.0, "25": 0.6666666666666666, "26": 0.0, "27": 0.16666666666666666, "28": 0.25, "29": 0.0, "30": 0.6666666666666666, "31": 0.5, "32": 0.3333333333333333, "33": 0.6, "34": 0.3333333333333333, "35": 0.0, "36": 0.6666666666666666, "37": 0.0, "38": 0.0, "39": 0.0, "40": 0.5, "41": 0.3333333333333333, "42": 0.25, "43": 0.3333333333333333, "44": 0.3333333333333333, "45": 1.0, "46": 1.0, "47": 0.0, "48": 0.75, "49": 1.0, "50": 0.0, "51": 1.0, "52": 0.0, "53": 0.0, "54": 0.5, "55": 0.0, "56": 0.6666666666666666, "57": 0.25, "58": 0.3333333333333333, "59": 0.8, "60": 0.5, "61": 0.25, "62": 0.16666666666666666, "63": 0.3333333333333333, "64": 0.3333333333333333, "65": 0.0, "66": 0.4, "67": 0.4, "68": 0.6, "69": 0.0, "70": 0.5, "71": 0.25, "72": 0.0, "73": 0.0, "74": 0.5, "75": 0.4, "76": 0.14285714285714285, "77": 0.25, "78": 0.0, "79": 0.3333333333333333, "80": 0.0, "81": 0.3333333333333333, "82": 0.2, "83": 0.5, "84": 0.0, "85": 0.0, "86": 0.4, "87": 0.0, "88": 0.0, "89": 0.6666666666666666, "90": 0.0, "91": 0.0, "92": 0.6, "93": 0.3333333333333333, "94": 0.5, "95": 0.0, "96": 0.0, "97": 0.0, "98": 0.25, "99": 0.5}, "BertSumExtAbs": {"0": 0.75, "1": 0.0, "2": 0.2, "3": 0.6666666666666666, "4": 1.0, "5": 0.16666666666666666, "6": 0.2, "7": 0.0, "8": 0.25, "9": 0.3333333333333333, "10": 0.0, "11": 0.2, "12": 0.3333333333333333, "13": 0.25, "14": 0.0, "15": 0.3333333333333333, "16": 0.3333333333333333, "17": 0.0, "18": 0.0, "19": 0.2, "20": 0.3333333333333333, "21": 0.0, "22": 0.0, "23": 0.0, "24": 0.0, "25": 0.3333333333333333, "26": 0.0, "27": 0.16666666666666666, "28": 0.0, "29": 0.0, "30": 0.6666666666666666, "31": 0.5, "32": 0.3333333333333333, "33": 0.2, "34": 0.3333333333333333, "35": 0.0, "36": 0.0, "37": 0.0, "38": 0.0, "39": 0.0, "40": 0.5, "41": 0.3333333333333333, "42": 0.0, "43": 0.0, "44": 0.6666666666666666, "45": 0.6666666666666666, "46": 0.0, "47": 0.0, "48": 0.0, "49": 0.5, "50": 0.5, "51": 0.0, "52": 0.0, "53": 0.0, "54": 0.25, "55": 0.0, "56": 0.0, "57": 0.25, "58": 0.6666666666666666, "59": 0.0, "60": 0.25, "61": 0.25, "62": 0.0, "63": 0.0, "64": 0.0, "65": 0.3333333333333333, "66": 0.2, "67": 0.2, "68": 0.4,